time_ms,acc,accR,gyro,gyroR,roll,pitch,yaw,pressure,dp_hpa,state,event
72,2.15,0.00,197.63,0.00,0.3,2.9,-175.1,1009.39,0.000,0,0
114,4.49,2.34,23.36,174.26,-0.9,1.4,-175.1,1009.37,-0.020,0,0
158,6.91,4.76,15.48,182.15,-0.7,0.9,-175.1,1009.36,-0.010,0,0
201,9.33,7.18,13.62,184.01,-0.7,0.7,-175.0,1009.40,0.040,0,0
244,9.60,7.45,14.67,184.01,-0.8,-0.0,-175.0,1009.40,0.000,0,0
286,9.67,7.52,15.45,184.01,-0.5,-0.0,-175.0,1009.45,0.050,0,0
329,9.67,7.52,15.06,184.01,-0.5,-0.0,-175.1,1009.34,-0.110,0,0
371,9.66,7.52,14.36,184.01,-0.5,-0.0,-175.2,1009.44,0.100,0,0
414,9.66,7.52,15.85,184.01,-0.5,-0.0,-175.2,1009.37,-0.070,0,0
457,9.65,7.52,13.79,184.01,-0.6,0.1,-175.0,1009.39,0.020,0,0
501,9.61,5.18,25.22,11.61,-0.6,0.1,-175.2,1009.45,0.060,0,0
544,9.58,2.76,21.92,11.61,-0.6,-0.0,-174.9,1009.42,-0.030,0,0
587,9.70,0.37,42.12,28.50,-1.0,0.5,-175.0,1009.46,0.040,0,0
630,10.56,0.97,1164.66,1150.87,-0.7,0.7,-175.4,1009.28,-0.180,0,0
675,10.84,1.26,2391.02,2377.24,0.9,-0.6,-176.5,1009.38,0.100,0,0
719,11.24,1.65,1896.97,2377.24,3.0,-4.2,-177.5,1009.47,0.090,0,0
764,11.75,2.16,2505.32,2491.53,3.5,-8.6,-177.7,1009.35,-0.120,0,0
808,11.16,2.16,3536.63,3522.84,5.0,-19.1,-178.0,1009.41,0.060,0,0
853,11.02,2.16,2215.25,3522.84,4.7,-31.0,-177.0,1009.39,-0.020,0,0
898,10.79,2.16,2176.90,3514.71,4.2,-42.2,-175.7,1009.38,-0.010,0,0
944,10.53,2.16,2164.04,3514.71,4.3,-56.7,-174.9,1009.37,-0.010,0,0
989,10.11,2.05,1779.01,3494.51,4.6,-68.2,-173.1,1009.43,0.060,0,0
1034,9.67,2.08,1511.32,2371.97,4.5,-76.0,-171.6,1009.35,-0.080,0,0
1079,9.09,2.66,890.42,2646.21,4.3,-83.0,-170.7,1009.36,0.010,0,0
1124,8.25,3.50,607.07,2929.56,6.8,-83.1,-170.2,1009.34,-0.020,0,0
1169,7.55,4.20,288.93,3247.70,6.4,-82.3,-170.0,1009.36,0.020,0,0
1214,6.87,4.29,203.68,3332.95,6.6,-79.3,-169.6,1009.40,0.040,0,0
1259,6.59,4.43,68.31,2146.94,6.5,-77.0,-169.4,1009.35,-0.050,0,0
1304,6.68,4.20,247.04,2108.60,5.6,-76.8,-169.3,1009.40,0.050,0,0
1348,6.44,4.09,421.32,2095.73,6.4,-75.5,-169.3,1009.38,-0.020,0,0
1393,5.90,4.21,647.23,1710.71,6.5,-75.4,-169.4,1009.47,0.090,1,0
1438,4.20,5.47,2647.65,2579.34,6.4,-76.0,-170.9,1009.43,-0.040,1,0
1483,2.51,6.58,3626.83,3558.52,5.8,-72.8,-173.5,1009.35,-0.080,1,0
1529,1.01,7.25,3895.18,3826.87,7.8,-66.2,-174.7,1009.31,-0.040,1,0
1574,3.87,6.54,10747.30,10678.99,30.3,-59.5,-175.9,1009.36,0.050,1,0
1620,3.90,5.87,12638.16,12569.85,22.9,-57.9,-172.3,1009.40,0.040,0,1
1665,3.46,5.67,2913.61,12569.85,28.6,-61.4,-173.9,1009.42,0.020,0,0
1711,2.44,5.67,5685.59,12391.12,14.0,-32.1,-175.3,1009.46,0.040,0,0
1756,3.36,5.43,2352.56,12216.84,-22.1,36.3,-173.7,1009.36,-0.100,0,0
1801,6.09,5.08,3221.86,11990.93,3.0,36.2,-174.2,1009.47,0.110,0,0
1846,5.68,5.08,1639.76,10998.40,2.0,34.9,-174.5,1009.42,-0.050,0,0
1890,4.29,5.08,865.72,11772.44,13.9,16.5,-174.8,1009.32,-0.100,0,0
1935,6.27,5.27,435.10,12203.05,6.1,5.9,-174.9,1009.43,0.110,0,0
1980,7.33,4.89,18.86,12619.30,-3.4,-7.5,-175.1,1009.29,-0.140,0,0
2024,8.62,6.18,15.06,12623.10,-3.3,-6.1,-175.0,1009.39,0.100,0,0
2068,9.89,7.45,15.12,5670.53,-2.2,-3.9,-175.0,1009.35,-0.040,0,0
2112,9.65,7.45,15.06,5670.53,-0.3,0.3,-174.9,1009.45,0.100,0,0
2156,9.64,6.53,15.06,3206.79,-0.5,-0.0,-174.9,1009.44,-0.010,0,0
2199,9.65,5.60,15.06,3206.79,-0.4,-0.0,-175.0,1009.36,-0.080,0,0
2241,9.65,5.60,15.45,1624.70,-0.4,-0.0,-174.8,1009.29,-0.070,0,0
2284,9.65,5.60,15.45,850.66,-0.4,-0.0,-174.8,1009.42,0.130,0,0
2327,9.65,3.62,14.36,420.75,-0.4,-0.0,-175.0,1009.44,0.020,0,0
2370,9.65,2.56,14.67,4.50,-0.4,-0.0,-175.0,1009.43,-0.010,0,0
2412,9.65,1.27,15.85,1.50,-0.4,-0.0,-175.0,1009.32,-0.110,0,0
2455,9.65,0.25,15.85,1.50,-0.3,-0.0,-174.9,1009.38,0.060,0,0
2497,9.65,0.01,15.85,1.50,-0.4,-0.0,-174.8,1009.36,-0.020,0,0
2539,9.64,0.01,16.75,2.39,-0.4,-0.0,-174.8,1009.36,0.000,0,0
2581,9.64,0.01,17.58,3.23,-0.4,-0.0,-174.7,1009.36,0.000,0,0
2623,9.84,0.20,73.60,59.24,0.9,-0.5,-174.8,1009.39,0.030,0,0
2667,10.88,1.24,1227.77,1213.41,3.5,4.2,-175.3,1009.38,-0.010,0,0
2711,12.67,3.03,2150.09,2135.73,1.5,4.3,-176.5,1009.41,0.030,0,0
2756,12.71,3.06,3905.07,3890.41,-0.2,1.7,-177.6,1009.33,-0.080,0,0
2800,12.29,3.06,3314.55,3889.22,-1.0,-6.6,-177.9,1009.41,0.080,0,0
2845,11.94,3.06,4095.75,4079.89,-4.3,-20.5,-176.6,1009.39,-0.020,0,0
2891,8.66,4.05,3166.53,4079.89,-1.4,-47.5,-174.6,1009.40,0.010,0,0
2936,8.78,4.05,873.02,4079.00,1.5,-64.9,-173.6,1009.41,0.010,0,0
2980,7.86,4.84,1487.49,4078.16,1.2,-76.5,-173.0,1009.34,-0.070,0,0
3026,7.61,5.10,1574.83,4022.15,4.0,-83.2,-171.4,1009.44,0.100,0,0
3071,7.08,5.62,817.05,3278.70,0.4,-87.3,-171.1,1009.36,-0.080,0,0
3115,6.42,6.28,547.40,3548.35,0.3,-88.0,-171.2,1009.35,-0.010,0,0
3160,5.80,6.90,108.59,3987.15,-0.2,-83.1,-171.1,1009.38,0.030,1,0
3205,4.29,8.01,1510.61,3987.15,-3.7,-84.1,-171.6,1009.42,0.040,1,0
3250,2.70,9.24,2935.83,3987.15,-2.1,-80.6,-173.2,1009.42,0.000,1,0
3295,1.21,7.56,3555.71,3447.12,-2.3,-77.7,-174.6,1009.30,-0.120,1,0
3340,2.25,7.56,4484.91,4376.32,80.6,-6.3,-174.9,1009.27,-0.030,2,0
3385,3.07,6.65,12678.93,12570.34,53.8,-9.9,-174.2,1009.38,0.110,2,0
3431,2.90,6.40,3990.87,12570.34,76.9,-12.9,-175.7,1009.48,0.100,2,0
5637,3.26,5.87,3016.08,12570.34,75.1,-13.4,-175.3,1009.37,-0.110,0,2
5682,2.09,5.21,58.25,12620.67,27.3,-20.8,-175.5,1009.34,-0.030,0,0
5727,6.08,4.87,17.10,12661.83,7.5,-1.8,-175.6,1009.43,0.090,0,0
5771,6.94,5.73,16.48,12662.45,3.3,-0.6,-175.5,1009.39,-0.040,0,0
5815,9.63,8.42,17.31,12662.45,-0.2,0.2,-175.5,1009.34,-0.050,0,0
5859,9.68,8.47,15.48,12663.45,-0.3,0.1,-175.2,1009.48,0.140,0,0
5902,9.67,7.59,15.06,12663.87,-0.5,-0.0,-175.5,1009.28,-0.200,0,0
5946,9.67,7.59,15.91,12663.87,-0.5,-0.0,-175.4,1009.28,0.000,0,0
5988,9.67,7.59,17.50,3975.81,-0.5,-0.0,-175.4,1009.33,0.050,0,0
6031,9.66,7.59,30.66,3001.02,0.0,0.2,-175.4,1009.40,0.070,0,0
6074,9.76,7.67,172.63,157.57,-2.6,1.6,-175.3,1009.29,-0.110,0,0
6118,10.33,4.25,675.25,660.19,-2.0,1.7,-175.4,1009.30,0.010,0,0
6162,11.54,4.60,1907.09,1892.03,-2.3,-1.4,-175.9,1009.43,0.130,0,0
6207,11.97,2.34,3487.07,3472.01,-2.3,-5.0,-176.8,1009.41,-0.020,0,0
6252,12.22,2.55,4353.69,4338.63,1.2,-13.7,-176.6,1009.33,-0.080,0,0
6297,11.13,2.55,3880.22,4338.63,3.0,-25.4,-175.9,1009.38,0.050,0,0
6342,9.37,2.85,1826.70,4337.77,7.5,-38.7,-174.5,1009.43,0.050,0,0
6387,8.73,3.48,1358.90,4336.18,9.0,-55.4,-173.4,1009.36,-0.070,0,0
6432,8.30,3.92,859.19,4323.03,9.5,-69.5,-172.7,1009.36,0.000,0,0
6477,8.38,3.92,397.00,4181.05,8.8,-75.8,-172.3,1009.39,0.030,0,0
6521,8.91,3.92,357.58,3996.11,6.3,-81.1,-172.3,1009.32,-0.070,0,0
6566,9.00,3.92,472.60,3996.11,6.5,-81.9,-172.1,1009.32,0.000,0,0
6611,8.98,3.92,369.37,3996.11,5.5,-83.4,-171.8,1009.41,0.090,0,0
6655,8.88,3.92,454.23,3996.11,4.2,-84.9,-171.6,1009.32,-0.090,0,0
6700,8.66,2.83,274.07,3606.15,3.5,-86.3,-171.6,1009.41,0.090,0,0
6745,8.57,1.07,277.19,1552.62,2.4,-87.6,-171.4,1009.35,-0.060,0,0
6790,8.16,0.84,248.60,1110.30,2.5,-86.8,-171.1,1009.37,0.020,0,0
6835,7.65,1.35,326.45,610.59,3.0,-84.8,-171.3,1009.31,-0.060,0,0
6880,6.23,2.77,568.82,320.22,2.3,-86.9,-171.3,1009.33,0.020,0,0
6925,4.13,4.87,1718.74,1470.14,2.9,-86.1,-172.2,1009.42,0.090,1,0
6970,2.37,6.63,2809.87,2561.27,2.8,-85.6,-173.9,1009.37,-0.050,1,0
7015,2.58,6.61,3040.12,2791.52,30.7,-56.8,-174.8,1009.42,0.050,1,0
7060,3.01,6.52,8171.10,7922.50,59.6,-26.3,-177.2,1009.35,-0.070,2,0
7105,3.60,6.29,2889.00,7922.50,5.8,-8.9,-176.6,1009.40,0.050,2,0
7150,1.70,6.87,8349.33,8100.73,27.9,-8.6,-175.1,1009.45,0.050,2,0
8578,3.02,6.46,4806.77,8100.73,-11.0,26.6,-176.2,1009.42,-0.030,0,2
8623,2.38,5.95,153.11,8196.22,-49.7,31.0,-175.2,1009.40,-0.020,0,0
8668,6.24,4.54,45.24,8304.08,3.5,3.8,-175.1,1009.36,-0.040,0,0
8712,6.72,5.02,13.94,8335.39,-0.9,1.2,-175.1,1009.43,0.070,0,0
8756,9.85,8.15,18.82,8335.39,-0.5,-0.5,-175.3,1009.40,-0.030,0,0
8800,9.69,8.15,13.51,8335.81,-0.4,-0.2,-175.3,1009.38,-0.020,0,0
8845,9.69,8.15,15.91,8335.81,-0.4,0.1,-175.2,1009.35,-0.030,0,0
8889,9.66,8.15,36.23,8335.81,-0.4,0.2,-175.2,1009.30,-0.050,0,0
8933,9.66,8.15,16.44,8335.81,-0.4,0.2,-175.1,1009.39,0.090,0,0
8977,9.65,7.47,78.71,4793.26,-0.5,0.2,-175.2,1009.44,0.050,0,0
9021,10.00,7.62,423.24,409.73,-0.3,1.6,-175.3,1009.45,0.010,0,0
9065,10.71,4.48,646.92,633.41,0.9,1.1,-175.7,1009.43,-0.020,0,0
9109,11.93,5.21,3287.42,3273.90,-0.7,-0.9,-177.2,1009.35,-0.080,0,0
9154,12.75,3.10,4657.69,4644.18,-0.6,-8.7,-177.6,1009.35,0.000,0,0
9198,13.73,4.07,3653.55,4644.18,-0.6,-21.5,-177.7,1009.36,0.010,0,0
9243,13.50,4.07,3431.40,4641.78,-1.5,-36.2,-176.0,1009.33,-0.030,0,0
9289,12.69,4.07,2796.81,4641.26,1.9,-51.6,-173.6,1009.42,0.090,0,0
9334,11.27,4.07,1424.75,4641.26,4.5,-64.0,-172.7,1009.37,-0.050,0,0
9379,8.97,4.76,778.89,4578.98,6.5,-77.4,-171.7,1009.42,0.050,0,0
9424,7.35,6.38,560.86,4234.45,7.5,-82.3,-171.5,1009.40,-0.020,0,0
9469,6.67,7.06,819.33,4096.83,2.8,-84.3,-171.7,1009.26,-0.140,0,0
9514,6.46,7.26,620.19,4096.83,-3.1,-81.9,-171.8,1009.36,0.100,0,0
9559,6.47,7.26,204.14,4453.55,-7.6,-80.1,-171.6,1009.35,-0.010,0,0
9604,5.78,7.95,146.89,3506.66,-11.8,-75.6,-171.7,1009.34,-0.010,1,0
9649,4.30,9.20,212.49,3284.51,-18.2,-66.7,-171.6,1009.39,0.050,1,0
9695,2.42,10.27,736.00,2649.92,-29.6,-45.7,-171.7,1009.35,-0.040,1,0
9740,1.18,10.09,1246.52,1277.86,-28.2,-14.4,-171.9,1009.41,0.060,2,0
9786,1.94,7.79,1773.24,1626.35,3.8,-85.7,-173.4,1009.37,-0.040,0,1
9831,6.83,6.17,1006.96,1626.35,8.7,-71.5,-175.2,1009.36,-0.010,0,0
9876,7.95,6.76,1211.76,1626.35,-9.4,-62.9,-175.5,1009.30,-0.060,0,0
9921,10.25,9.07,484.57,1626.35,-11.7,-66.7,-175.4,1009.42,0.120,0,0
9967,10.21,9.07,131.59,1641.65,-14.2,-67.5,-175.5,1009.37,-0.050,0,0
10013,8.13,9.07,265.60,1641.65,-21.8,-62.6,-175.4,1009.44,0.070,0,0
10058,9.69,9.07,383.04,1641.65,-3.2,-81.7,-175.2,1009.43,-0.010,1,0
10103,9.75,9.07,261.78,1641.65,-0.2,-82.4,-175.4,1009.39,-0.040,1,0
10148,9.77,9.07,211.87,1641.65,0.5,-83.4,-175.1,1009.43,0.040,1,0
10193,9.79,8.32,162.95,1641.65,0.1,-86.8,-175.2,1009.36,-0.070,1,0
10238,9.79,3.42,23.86,1187.90,0.0,-87.8,-175.3,1009.31,-0.050,1,0
10282,9.80,2.31,21.09,1190.68,0.1,-88.1,-175.1,1009.36,0.050,0,1
10325,9.79,2.12,23.52,463.48,0.0,-88.1,-175.1,1009.41,0.050,0,0
10369,9.78,2.09,41.05,361.95,0.0,-87.7,-175.0,1009.36,-0.050,0,0
10412,9.77,1.67,63.81,361.95,0.0,-87.4,-175.1,1009.48,0.120,0,0
10455,9.77,0.11,36.54,361.95,0.0,-87.4,-175.1,1009.39,-0.090,0,0
10499,9.77,0.05,22.48,240.69,0.0,-87.6,-175.1,1009.36,-0.030,0,0
10542,9.78,0.03,11.70,200.17,0.0,-87.9,-175.2,1009.55,0.190,0,0
10585,9.78,0.03,13.18,151.25,0.0,-87.8,-175.1,1009.36,-0.190,0,0
10629,9.78,0.03,20.76,52.10,0.0,-87.8,-175.2,1009.30,-0.060,0,0
10672,9.78,0.03,15.54,52.10,0.0,-87.7,-175.2,1009.37,0.070,0,0
10715,9.78,0.02,12.16,52.10,0.0,-87.6,-175.2,1009.29,-0.080,0,0
10759,9.78,0.01,61.23,52.10,0.5,-87.4,-175.3,1009.30,0.010,0,0
10803,10.28,0.51,768.79,757.08,-0.8,-88.8,-175.3,1009.38,0.080,0,0
10848,12.75,2.98,280.26,757.08,-2.3,-87.1,-174.7,1009.35,-0.030,0,0
10894,15.20,5.43,1026.20,1014.50,-3.1,-85.7,-173.1,1009.42,0.070,0,0
10939,15.28,5.50,1502.24,1490.54,-2.5,-86.0,-172.6,1009.31,-0.110,0,0
10985,13.14,5.50,1408.14,1490.09,0.4,-85.4,-172.0,1009.39,0.080,0,0
11030,8.26,7.01,1011.09,1490.09,5.9,-83.1,-172.1,1009.29,-0.100,1,0
11075,2.92,12.36,500.00,1490.09,27.0,-62.5,-172.4,1009.31,0.020,1,0
11120,1.61,13.67,350.27,1490.09,38.9,40.7,-172.2,1009.37,0.060,2,0
11166,3.01,13.67,1013.40,1441.01,10.3,69.1,-172.0,1009.39,0.020,0,1
11211,3.56,13.67,1659.42,1379.16,7.6,75.2,-172.0,1009.38,-0.010,0,0
11257,0.93,14.34,1740.75,1460.50,48.3,39.1,-172.8,1009.38,0.000,0,0
11302,4.39,14.34,1887.06,1536.79,26.2,-57.7,-175.1,1009.34,-0.040,0,0
11348,6.49,14.34,2280.46,1930.19,-1.4,-57.4,-175.2,1009.36,0.020,0,0
11394,9.19,12.20,130.46,2150.00,-3.8,-68.9,-175.2,1009.33,-0.030,0,0
11439,9.36,8.43,111.58,2168.88,-6.2,-71.7,-175.2,1009.33,0.000,0,0
11484,8.66,8.43,28.66,2251.80,-14.6,-70.2,-175.1,1009.38,0.050,0,0
11529,9.79,8.86,51.13,2251.80,-0.6,-88.9,-175.3,1009.45,0.070,1,0
11573,9.75,8.86,79.72,2251.80,0.0,-87.1,-175.0,1009.33,-0.120,1,0
11618,9.77,8.86,59.56,2251.80,0.1,-87.6,-175.1,1009.48,0.150,1,0
11662,9.77,8.86,80.68,2251.80,0.1,-88.0,-174.9,1009.31,-0.170,1,0
11706,9.77,5.40,53.53,2251.80,0.0,-88.7,-174.8,1009.38,0.070,1,0
11750,9.77,3.30,11.70,2268.76,0.0,-89.0,-175.0,1009.30,-0.080,0,1
11793,9.78,1.14,17.16,118.76,0.0,-89.1,-175.0,1009.25,-0.050,0,0
11837,9.78,1.14,17.00,99.88,0.0,-89.4,-175.0,1009.38,0.130,0,0
11881,9.80,1.14,75.35,68.98,0.1,-89.1,-174.9,1009.29,-0.090,0,0
11925,10.37,0.62,802.86,791.16,0.9,-89.0,-175.2,1009.41,0.120,0,0
11970,12.83,3.08,378.82,791.16,-1.4,-87.2,-174.4,1009.32,-0.090,0,0
12016,15.28,5.52,1109.20,1097.50,-1.8,-85.6,-173.0,1009.45,0.130,0,0
12061,15.97,6.20,1410.94,1399.24,-0.8,-84.5,-172.2,1009.36,-0.090,0,0
12107,13.17,6.20,1296.59,1399.24,1.0,-82.8,-171.6,1009.35,-0.010,0,0
12152,7.62,8.35,1216.16,1399.24,8.5,-79.7,-171.8,1009.43,0.080,1,0
12197,1.98,13.99,385.96,1393.94,49.8,-38.7,-172.0,1009.32,-0.110,2,0
12243,3.76,13.99,635.32,1393.94,24.5,57.9,-171.4,1009.26,-0.060,2,0
12289,4.39,13.99,1595.87,1520.51,16.8,65.7,-171.3,1009.31,0.050,0,1
12334,2.75,13.99,1927.99,1549.16,28.6,59.3,-172.0,1009.41,0.100,0,0
12380,2.81,13.99,1803.05,1549.16,38.6,-47.3,-174.0,1009.35,-0.060,0,0
12426,4.62,13.99,2296.10,1910.14,-30.6,-31.9,-175.2,1009.37,0.020,0,0
12472,6.70,13.99,453.99,1910.14,-25.1,-58.8,-175.2,1009.37,0.000,0,0
12517,8.11,11.19,722.78,1910.14,-24.6,-61.4,-175.2,1009.32,-0.050,0,0
12563,7.78,6.14,319.39,1976.70,-30.9,-56.5,-175.3,1009.37,0.050,0,0
12608,9.83,7.86,136.54,2159.55,-1.0,-89.0,-175.4,1009.27,-0.100,0,0
12653,9.68,7.08,224.61,2159.55,0.0,-82.4,-175.3,1009.42,0.150,0,0
12697,9.74,7.08,149.87,2159.55,0.5,-83.6,-175.3,1009.42,0.000,0,0
12742,9.75,7.08,118.86,2177.24,0.2,-85.3,-175.2,1009.33,-0.090,0,0
12786,9.78,7.02,99.59,2196.51,0.0,-86.6,-175.3,1009.41,0.080,0,0
12830,9.79,5.21,25.47,2270.62,0.1,-87.2,-175.2,1009.40,-0.010,0,0
12875,9.80,3.13,145.67,697.31,0.1,-87.6,-175.2,1009.46,0.060,0,0
12919,9.80,2.05,254.26,697.31,-0.1,-87.7,-175.3,1009.33,-0.130,0,0
12964,9.81,2.05,439.16,413.68,-0.1,-86.7,-175.3,1009.35,0.020,0,0
13009,10.07,0.39,812.63,787.16,4.5,-84.7,-175.6,1009.50,0.150,0,0
13054,10.74,1.06,4238.44,4212.97,8.4,-79.5,-175.6,1009.41,-0.090,1,0
13099,11.01,1.27,4866.66,4841.18,18.1,-70.8,-174.6,1009.48,0.070,1,0
13145,11.35,1.59,4462.19,4841.18,27.4,-62.5,-173.9,1009.36,-0.120,1,0
13191,12.19,2.41,2262.75,4841.18,31.7,-58.1,-174.6,1009.41,0.050,1,0
13236,11.78,2.39,3476.10,4841.18,39.2,-50.7,-176.3,1009.28,-0.130,1,0
13282,11.19,2.39,3632.84,4720.99,40.5,-49.1,-177.4,1009.26,-0.020,0,1
13329,9.81,2.39,3435.74,4612.40,41.6,-48.1,-179.2,1009.35,0.090,0,0
13374,7.70,4.48,2495.44,4427.50,43.0,-47.0,179.8,1009.32,-0.030,0,0
13420,6.70,5.49,1474.17,4054.03,37.8,-49.9,179.8,1009.35,0.030,0,0
13465,6.37,5.81,1409.35,3457.31,30.8,-50.5,179.5,1009.38,0.030,0,0
13511,6.89,5.81,1287.70,3578.95,25.3,-48.3,179.4,1009.43,0.050,0,0
13556,8.95,5.81,1085.13,3377.06,22.3,-36.4,179.0,1009.32,-0.110,0,0
13601,9.81,5.81,74.55,3558.29,26.7,-36.6,179.1,1009.40,0.080,0,0
13646,10.23,5.41,240.64,3558.29,25.4,-39.4,178.8,1009.34,-0.060,0,0
13691,11.02,4.81,72.89,3559.95,23.9,-41.6,178.9,1009.32,-0.020,0,0
13737,9.86,4.65,368.92,3362.85,24.2,-52.9,179.2,1009.37,0.050,0,0
13782,10.02,4.65,517.92,2422.56,17.6,-56.4,179.6,1009.43,0.060,0,0
13827,10.25,4.65,609.97,1401.28,17.0,-55.6,-180.0,1009.32,-0.110,0,0
13873,10.00,4.65,693.55,1336.46,15.5,-56.0,-179.5,1009.39,0.070,0,0
13919,9.69,4.13,865.45,1214.82,15.4,-57.4,-179.3,1009.32,-0.070,0,0
13964,9.22,2.07,579.64,1012.25,16.7,-60.8,-178.9,1009.34,0.020,0,0
14010,9.19,1.83,592.42,792.56,16.3,-62.9,-179.0,1009.38,0.040,0,0
14055,9.89,1.83,458.77,792.56,16.4,-60.5,-179.1,1009.41,0.030,0,0
14100,10.30,1.83,103.86,792.56,16.9,-59.8,-179.0,1009.27,-0.140,0,0
14145,10.78,1.59,270.73,761.58,14.6,-56.8,-179.1,1009.37,0.100,0,0
14190,10.52,1.59,555.43,761.58,13.7,-55.6,-178.8,1009.39,0.020,0,0
14236,9.69,1.59,610.05,761.58,13.2,-59.8,-178.5,1009.44,0.050,0,0
14281,9.43,1.59,521.68,761.58,12.3,-60.1,-178.1,1009.30,-0.140,0,0
14327,9.01,1.77,391.56,761.58,13.2,-60.6,-178.1,1009.36,0.060,0,0
14372,9.08,1.77,290.04,506.19,11.5,-62.0,-178.1,1009.39,0.030,0,0
14417,9.03,1.77,536.23,506.19,10.9,-64.8,-177.9,1009.33,-0.060,0,0
14462,8.84,1.94,556.63,506.19,7.8,-69.2,-177.8,1009.44,0.110,0,0
14507,8.84,1.94,152.69,506.19,4.1,-77.6,-177.8,1009.37,-0.070,0,0
14552,9.53,1.94,231.82,457.36,5.5,-80.6,-178.3,1009.36,-0.010,0,0
14597,9.83,1.68,122.92,487.13,5.1,-77.3,-178.4,1009.42,0.060,0,0
14642,10.23,1.39,173.93,487.13,7.5,-75.8,-178.9,1009.32,-0.100,0,0
14687,10.99,2.15,137.73,433.71,8.8,-71.2,-178.9,1009.40,0.080,0,0
14732,11.45,2.62,557.94,435.03,9.5,-70.0,-179.0,1009.33,-0.070,0,0
14777,12.04,3.20,741.28,618.36,11.2,-71.1,-179.0,1009.36,0.030,0,0
14823,12.09,3.25,397.08,618.36,10.0,-72.2,-179.1,1009.30,-0.060,0,0
14868,12.25,3.41,317.33,618.36,8.4,-76.8,-178.7,1009.42,0.120,0,0
14913,12.98,4.14,599.00,618.36,6.2,-81.5,-178.5,1009.38,-0.040,0,0
14958,14.04,4.52,367.57,618.36,5.2,-84.0,-177.7,1009.45,0.070,0,0
15003,14.22,4.39,301.77,618.36,4.7,-85.2,-176.9,1009.44,-0.010,0,0
15048,13.62,3.99,360.65,603.55,6.6,-83.1,-176.2,1009.43,-0.010,0,0
15093,12.00,3.23,424.91,603.55,7.9,-81.5,-175.7,1009.45,0.020,0,0
15139,10.12,4.10,263.57,477.71,7.5,-81.9,-175.1,1009.33,-0.120,0,0
15184,9.23,4.99,377.26,477.71,7.8,-81.0,-175.0,1009.43,0.100,0,0
15228,7.88,6.34,372.35,335.42,5.4,-82.8,-174.6,1009.37,-0.060,0,0
15273,6.74,7.49,230.23,368.77,4.5,-84.4,-174.4,1009.22,-0.150,0,0
15318,6.09,8.13,138.63,460.36,3.2,-86.0,-174.4,1009.34,0.120,0,0
15363,6.01,8.21,412.97,286.27,3.7,-85.8,-174.5,1009.38,0.040,0,0
15408,6.71,8.21,555.66,417.02,5.8,-84.0,-174.9,1009.33,-0.050,0,0
15453,7.40,7.61,545.74,417.02,4.5,-84.0,-175.1,1009.35,0.020,0,0
15497,8.18,5.99,364.03,417.02,4.3,-82.3,-175.2,1009.38,0.030,0,0
15542,8.82,4.10,71.27,484.39,3.4,-82.2,-175.3,1009.34,-0.040,0,0
15587,9.16,3.21,83.45,484.39,3.0,-82.4,-175.3,1009.31,-0.030,0,0
15632,9.30,3.28,68.27,487.39,3.6,-81.4,-175.4,1009.43,0.120,0,0
15676,8.95,3.28,58.73,496.93,4.1,-81.5,-175.3,1009.33,-0.100,0,0
15721,8.44,3.28,87.00,496.93,4.3,-81.0,-175.2,1009.38,0.050,0,0
15766,7.91,3.28,198.43,496.93,4.9,-77.9,-175.2,1009.27,-0.110,0,0
15811,6.71,2.59,351.95,496.93,7.5,-75.2,-175.1,1009.30,0.030,0,0
15856,5.18,4.12,686.90,628.17,8.7,-72.0,-175.1,1009.38,0.080,1,0
15901,3.27,6.03,265.97,628.17,9.5,-76.1,-175.3,1009.31,-0.070,1,0
15946,2.27,7.03,508.58,628.17,-2.2,-86.7,-175.4,1009.40,0.090,1,0
15990,4.09,7.03,1097.44,1038.71,-1.9,-87.7,-176.0,1009.38,-0.020,1,0
16036,7.62,7.03,484.79,1038.71,-0.7,-85.5,-176.1,1009.56,0.180,1,0
16081,10.92,8.65,528.16,1038.71,0.2,-89.4,-177.4,1009.48,-0.080,0,1
16126,13.90,11.63,330.95,1010.44,5.1,-84.8,-178.9,1009.42,-0.060,0,0
16171,14.69,12.42,698.81,899.01,5.7,-84.2,179.4,1009.48,0.060,0,0
16216,14.84,12.57,958.04,831.47,6.3,-82.7,178.8,1009.42,-0.060,0,0
16262,14.92,12.65,920.37,831.47,9.2,-77.9,178.7,1009.44,0.020,0,0
16307,13.29,12.65,1801.36,1535.39,6.3,-78.5,-179.7,1009.35,-0.090,0,0
16353,12.62,12.65,1166.68,1470.41,10.2,-75.0,-178.9,1009.41,0.060,0,0
16399,10.58,10.83,684.77,1470.41,13.1,-74.2,-178.8,1009.47,0.060,0,0
16444,8.61,7.30,543.51,1470.41,11.0,-78.0,-178.9,1009.36,-0.110,0,0
16490,8.78,6.31,279.67,1521.69,14.8,-73.8,-179.2,1009.50,0.140,0,0
16535,8.25,6.67,281.23,1521.69,10.1,-77.2,-179.1,1009.46,-0.040,0,0
16580,8.86,6.67,154.43,1646.93,9.2,-77.2,-179.0,1009.41,-0.050,0,0
16625,9.87,6.67,119.66,1681.70,10.6,-76.0,-179.1,1009.41,0.000,0,0
16670,10.10,6.67,76.47,1724.89,10.1,-76.6,-179.0,1009.55,0.140,0,0
16715,9.98,5.04,145.58,1724.89,9.3,-77.7,-178.9,1009.47,-0.080,0,0
16760,9.59,4.37,119.35,1090.21,8.9,-77.8,-179.2,1009.44,-0.030,0,0
16805,9.47,2.33,96.24,608.30,8.5,-77.1,-179.2,1009.44,0.000,0,0
16849,9.79,1.85,271.44,467.04,8.6,-76.2,-179.2,1009.42,-0.020,0,0
16894,10.37,2.12,413.36,336.89,8.9,-76.2,-178.9,1009.45,0.030,0,0
16939,11.41,3.16,271.20,336.89,8.8,-77.2,-178.6,1009.48,0.030,0,0
16984,12.59,3.74,202.25,336.89,7.2,-81.5,-178.2,1009.47,-0.010,0,0
17030,13.90,4.43,325.07,336.89,6.9,-82.9,-177.9,1009.39,-0.080,0,0
17075,14.78,5.31,377.54,336.89,6.8,-83.1,-177.0,1009.37,-0.020,0,0
17120,14.51,5.31,379.78,317.12,6.6,-83.4,-176.3,1009.44,0.070,0,0
17165,13.77,5.31,397.31,317.12,7.6,-82.1,-175.8,1009.44,0.000,0,0
17209,12.31,5.31,372.18,317.12,6.4,-82.4,-175.7,1009.40,-0.040,0,0
17255,10.55,4.99,329.32,211.11,5.3,-83.3,-175.3,1009.44,0.040,0,0
17300,8.73,6.05,356.86,211.11,4.4,-80.7,-175.2,1009.29,-0.150,0,0
17345,6.59,8.19,290.33,195.06,3.3,-80.3,-175.1,1009.38,0.090,0,0
17389,5.10,9.68,108.57,288.74,2.6,-77.1,-175.0,1009.42,0.040,1,0
17434,4.41,10.37,113.84,288.74,1.9,-76.1,-174.9,1009.44,0.020,1,0
17479,5.00,10.37,575.66,467.09,0.2,-77.4,-175.3,1009.41,-0.030,1,0
17524,6.47,10.10,649.99,541.42,1.8,-77.6,-175.9,1009.45,0.040,1,0
17570,8.32,9.36,212.83,541.42,5.1,-76.3,-175.7,1009.38,-0.070,1,0
17615,9.66,7.90,230.26,541.42,5.4,-74.0,-175.8,1009.39,0.010,0,1
17659,10.12,6.14,260.53,541.42,6.6,-73.1,-175.7,1009.44,0.050,0,0
17705,9.61,5.71,131.50,541.42,7.1,-72.7,-175.6,1009.46,0.020,0,0
17749,8.20,5.71,120.04,541.42,5.6,-73.6,-175.7,1009.39,-0.070,0,0
17794,6.79,5.71,264.11,541.42,6.0,-72.9,-175.7,1009.40,0.010,0,0
17839,4.88,5.71,485.24,536.15,7.6,-72.1,-175.5,1009.30,-0.100,1,0
17884,2.89,7.23,473.51,529.95,5.6,-76.0,-175.2,1009.46,0.160,1,0
17929,1.39,8.73,262.68,529.95,-2.0,-72.6,-175.8,1009.44,-0.020,1,0
17974,2.57,8.73,517.48,397.44,-10.8,-78.5,-175.7,1009.39,-0.050,1,0
18020,6.62,8.73,948.48,828.43,4.6,-83.0,-176.1,1009.48,0.090,1,0
18065,11.17,9.79,363.13,828.43,5.2,-84.5,-177.1,1009.32,-0.160,0,1
18110,14.36,12.97,801.82,828.43,6.3,-83.3,-178.2,1009.47,0.150,0,0
18155,16.34,14.95,973.74,853.69,8.8,-80.6,-179.0,1009.56,0.090,0,0
18201,17.04,15.65,182.99,790.75,7.7,-77.6,-179.9,1009.50,-0.060,0,0
18246,17.32,15.94,1156.85,973.86,9.4,-74.7,-179.2,1009.45,-0.050,0,0
18292,16.79,15.94,496.12,973.86,10.5,-72.2,-178.4,1009.47,0.020,0,0
18338,14.17,15.94,398.87,973.86,11.1,-72.3,-178.0,1009.49,0.020,0,0
18384,10.10,14.75,286.87,973.86,10.5,-73.9,-178.0,1009.49,0.000,1,0
18429,6.78,10.71,268.56,973.86,8.1,-78.3,-178.1,1009.51,0.020,1,0
18474,6.52,10.80,302.14,973.86,4.9,-75.0,-178.5,1009.58,0.070,1,0
18519,8.16,10.80,358.83,973.86,6.8,-74.1,-178.6,1009.36,-0.220,1,0
18564,10.08,10.80,119.41,1037.44,7.3,-74.9,-178.5,1009.49,0.130,1,0
18609,11.08,10.80,91.03,1065.82,8.1,-74.0,-178.4,1009.40,-0.090,0,1
18655,11.09,10.80,36.75,1120.10,8.9,-75.0,-178.5,1009.53,0.130,0,0
18700,9.85,10.27,70.35,459.37,6.4,-75.9,-178.7,1009.49,-0.040,0,0
18745,9.12,7.65,93.61,362.12,6.9,-74.0,-178.8,1009.43,-0.060,0,0
18790,9.74,4.57,404.35,367.60,7.4,-74.0,-178.7,1009.53,0.100,0,0
18835,11.21,4.69,333.79,367.60,7.5,-76.4,-178.6,1009.37,-0.160,0,0
18880,13.12,6.59,203.66,367.60,8.0,-79.2,-178.1,1009.45,0.080,0,0
18925,14.51,6.35,233.35,367.60,7.1,-81.6,-177.5,1009.48,0.030,0,0
18970,14.67,5.55,174.56,367.60,7.6,-81.8,-177.2,1009.46,-0.020,0,0
19015,13.91,5.55,192.46,367.60,7.7,-82.0,-176.5,1009.40,-0.060,0,0
19060,12.58,5.55,119.08,367.60,7.8,-81.3,-176.1,1009.39,-0.010,0,0
19105,11.52,5.55,57.44,346.91,9.3,-79.7,-175.7,1009.49,0.100,0,0
19150,10.68,5.55,223.96,346.91,8.1,-80.7,-175.6,1009.37,-0.120,0,0
19195,9.51,5.16,245.58,346.91,7.0,-81.2,-175.4,1009.43,0.060,0,0
19240,8.37,6.30,167.86,276.35,6.5,-81.0,-175.3,1009.33,-0.100,0,0
19285,7.17,7.50,163.87,188.14,5.9,-81.9,-175.2,1009.41,0.080,0,0
19330,5.93,8.74,395.80,338.36,5.8,-81.5,-175.3,1009.43,0.020,1,0
19374,5.23,9.44,405.95,348.51,5.9,-79.2,-175.5,1009.37,-0.060,1,0
19419,5.14,8.77,367.96,348.51,4.4,-78.5,-175.8,1009.46,0.090,1,0
19464,5.92,7.44,259.55,348.51,1.9,-75.1,-175.9,1009.42,-0.040,1,0
19510,7.86,6.38,467.63,410.19,5.4,-73.8,-175.6,1009.41,-0.010,1,0
19554,9.33,5.54,316.00,303.76,5.9,-74.1,-175.6,1009.43,0.020,0,1
19599,10.06,4.92,105.25,362.37,6.9,-73.7,-175.5,1009.37,-0.060,0,0
19644,9.67,4.92,100.50,367.12,8.3,-73.9,-175.7,1009.37,0.000,0,0
19689,7.83,4.92,180.39,367.12,6.5,-73.5,-175.3,1009.36,-0.010,0,0
19734,5.96,4.92,415.25,367.12,7.2,-73.2,-175.1,1009.51,0.150,1,0
19778,4.03,6.03,457.08,367.12,7.0,-75.4,-175.0,1009.51,0.000,1,0
19823,2.88,7.18,204.88,367.12,3.7,-85.6,-175.3,1009.38,-0.130,1,0
19868,3.37,7.18,287.03,367.12,-2.5,-75.6,-175.6,1009.48,0.100,1,0
19913,5.62,7.18,887.03,786.53,2.6,-82.7,-175.6,1009.40,-0.080,1,0
19957,9.15,7.18,148.27,786.53,7.3,-79.8,-176.0,1009.46,0.060,0,1
20002,11.66,8.78,553.05,786.53,5.5,-83.3,-177.2,1009.46,0.000,0,0
20047,13.68,10.80,1067.35,966.85,7.4,-82.3,-178.7,1009.44,-0.020,0,0
20093,15.04,12.16,640.39,919.08,5.5,-83.0,-179.5,1009.51,0.070,0,0
20138,16.38,13.50,1287.49,1139.22,5.1,-78.0,-179.0,1009.50,-0.010,0,0
20184,17.84,14.96,818.16,1139.22,8.1,-75.2,-178.0,1009.39,-0.110,0,0
20230,16.42,14.96,234.62,1139.22,8.9,-72.4,-177.2,1009.43,0.040,0,0
20275,13.00,14.47,255.59,1139.22,10.3,-74.9,-177.1,1009.31,-0.120,1,0
20321,9.09,12.22,340.75,1139.22,8.7,-78.4,-177.2,1009.46,0.150,1,0
20367,6.23,11.61,292.01,1139.22,4.8,-79.9,-177.4,1009.47,0.010,1,0
20412,7.17,11.61,207.64,1079.85,5.0,-80.7,-177.5,1009.37,-0.100,1,0
20457,8.98,11.61,416.43,1079.85,6.4,-78.9,-177.4,1009.31,-0.060,1,0
20502,10.66,11.61,106.29,1181.21,7.6,-78.1,-177.3,1009.53,0.220,0,1
20547,11.43,11.61,49.48,1238.02,8.4,-78.8,-177.2,1009.63,0.100,0,0
20593,10.78,11.61,122.77,768.68,7.1,-79.7,-177.3,1009.44,-0.190,0,0
20638,9.86,10.19,226.67,366.95,6.6,-80.4,-177.4,1009.43,-0.010,0,0
20683,9.12,6.77,223.61,366.95,6.4,-80.3,-177.7,1009.46,0.030,0,0
20728,8.88,5.20,140.03,366.95,5.9,-79.4,-177.8,1009.46,0.000,0,0
20773,9.16,5.20,217.69,366.95,6.5,-78.2,-177.7,1009.40,-0.060,0,0
20818,9.69,4.26,159.44,366.95,7.1,-78.5,-177.8,1009.49,0.090,0,0
20862,10.17,2.55,184.99,366.95,6.9,-79.1,-177.9,1009.42,-0.070,0,0
20908,10.37,2.55,225.21,177.19,7.0,-80.1,-178.0,1009.54,0.120,0,0
20953,10.45,2.55,301.48,252.01,8.5,-79.4,-178.4,1009.43,-0.110,0,0
20998,10.24,1.89,309.04,186.27,10.1,-77.6,-178.5,1009.51,0.080,0,0
21043,10.08,1.57,790.05,650.02,13.0,-73.7,-178.9,1009.44,-0.070,0,0
21089,9.72,1.57,1923.55,1783.52,20.9,-65.8,-179.5,1009.36,-0.080,0,0
21134,9.00,1.57,2326.91,2186.88,26.4,-57.2,-179.8,1009.52,0.160,0,0
21179,9.49,1.45,3999.47,3840.03,31.1,-42.1,179.3,1009.54,0.020,0,0
21224,12.02,3.02,4625.26,4465.82,30.9,-27.3,179.4,1009.40,-0.140,0,0
21270,15.66,6.66,5084.41,4899.42,23.6,-22.3,-178.8,1009.47,0.070,0,0
21315,18.48,9.48,5506.13,5280.91,22.7,-22.5,-177.9,1009.41,-0.060,0,0
21361,18.83,9.83,5347.91,5204.64,21.8,-25.2,-177.0,1009.53,0.120,0,0
21407,16.02,9.83,4195.77,5197.08,23.4,-32.3,-176.9,1009.48,-0.050,0,0
21452,11.59,9.83,3144.33,4716.07,27.3,-41.3,-177.0,1009.44,-0.040,0,0
21498,7.25,11.58,1402.23,4103.90,19.8,-58.8,-177.2,1009.47,0.030,0,0
21544,5.09,13.74,1005.49,4500.64,-1.3,-88.4,-177.0,1009.46,-0.010,1,0
21589,4.88,13.95,532.66,4973.47,-28.0,-60.1,-177.0,1009.43,-0.030,1,0
21635,5.14,13.95,430.89,5075.23,-39.1,-48.3,-176.7,1009.40,-0.030,1,0
21681,4.32,14.51,1190.16,5075.23,-36.9,-44.1,-176.0,1009.41,0.010,2,0
21726,3.56,15.27,4411.16,5075.23,-11.6,0.9,-174.9,1009.38,-0.030,2,0
21771,4.14,15.27,5568.67,5137.77,17.8,39.7,-174.5,1009.43,0.050,2,0
21817,5.34,12.46,5512.14,5137.77,30.8,55.5,-174.1,1009.42,-0.010,0,1
21863,8.21,8.03,3532.40,5137.77,14.7,23.9,-173.5,1009.52,0.100,0,0
21908,14.05,10.49,1683.72,5137.77,4.0,0.8,-173.6,1009.50,-0.020,0,0
21953,18.77,15.21,2641.57,5137.77,-0.3,-10.3,-173.9,1009.44,-0.060,0,0
21999,20.15,16.58,3757.95,5137.77,-3.1,-18.1,-174.2,1009.47,0.030,0,0
22044,19.32,16.58,4884.05,5137.77,-0.5,-22.0,-174.1,1009.39,-0.080,0,0
22090,14.71,16.58,5261.62,4378.51,4.9,-20.5,-173.4,1009.62,0.230,0,0
22135,8.94,16.58,2344.26,3884.95,12.6,-20.1,-173.3,1009.47,-0.150,0,0
22181,3.61,16.53,1532.39,4036.28,30.5,-22.3,-173.7,1009.45,-0.020,0,0
22226,2.70,17.45,723.73,4788.41,30.4,24.9,-173.9,1009.51,0.060,0,0
22272,7.60,17.45,5724.68,5000.95,9.4,35.9,-172.9,1009.38,-0.130,0,0
22317,9.95,17.45,11328.00,10604.27,17.7,70.6,-171.4,1009.35,-0.030,0,0
22364,15.00,17.45,9430.41,10604.27,18.2,64.4,-168.5,1009.35,0.000,0,0
22409,17.77,17.45,3162.48,10604.27,13.5,50.5,-166.7,1009.36,0.010,0,0
22455,19.91,17.21,464.76,10863.24,8.6,42.1,-166.7,1009.52,0.160,0,0
22500,16.84,17.21,731.18,10863.24,6.6,34.3,-167.2,1009.53,0.010,0,0
22546,13.38,17.21,1262.88,10863.24,6.4,31.4,-168.1,1009.40,-0.130,0,0
22591,11.66,17.21,586.36,10863.24,14.3,40.7,-168.4,1009.43,0.030,0,0
22637,11.45,17.21,210.06,11117.94,19.4,23.7,-168.8,1009.40,-0.030,0,0
22683,10.14,12.31,171.81,11156.19,16.4,26.0,-168.8,1009.48,0.080,0,0
22728,10.06,9.95,434.67,11156.19,14.0,22.2,-169.2,1009.43,-0.050,0,0
22774,11.71,9.85,1753.62,9258.60,11.6,14.6,-170.4,1009.46,0.030,0,0
22819,14.28,9.85,4419.08,4247.27,6.9,10.9,-171.6,1009.35,-0.110,0,0
22864,16.92,9.85,6751.92,6580.11,4.3,10.3,-172.8,1009.47,0.120,0,0
22909,17.66,7.60,6922.17,6750.36,5.4,12.8,-172.6,1009.40,-0.070,0,0
22954,12.18,7.60,4125.46,6750.36,7.8,13.2,-172.1,1009.49,0.090,0,0
22998,6.12,11.54,2591.24,6750.36,17.3,15.5,-171.9,1009.42,-0.070,0,0
23044,2.00,15.65,937.86,6750.36,53.3,-35.2,-171.4,1009.52,0.100,0,0
23090,6.32,15.65,463.94,6750.36,1.2,-46.4,-171.3,1009.35,-0.170,0,0
23135,6.97,15.65,2341.39,6487.50,-6.5,-42.3,-171.1,1009.46,0.110,0,0
23180,5.81,15.65,8317.96,7854.02,-14.2,5.7,-170.6,1009.45,-0.010,0,0
23226,7.28,15.65,11744.41,11280.47,5.5,75.9,-170.2,1009.45,0.000,1,0
23271,8.29,15.65,8890.16,11280.47,10.9,59.0,-167.8,1009.35,-0.100,1,0
23317,15.36,15.65,3530.02,11280.47,3.6,52.7,-168.8,1009.51,0.160,1,0
23362,16.58,14.57,1213.77,11280.47,8.5,39.4,-169.0,1009.46,-0.050,2,0
23408,14.02,14.57,508.55,11280.47,8.8,24.2,-169.1,1009.39,-0.070,2,0
23453,12.91,14.57,589.35,11280.47,11.7,40.9,-169.2,1009.50,0.110,2,0
37111,10.76,10.76,193.00,11551.41,23.3,29.1,-169.6,1009.34,-0.160,0,2
37157,10.00,10.76,72.80,11671.61,18.8,11.7,-174.7,1009.43,0.090,0,0
37202,9.01,10.76,27.49,11716.92,8.8,12.4,-174.7,1009.45,0.020,0,0
37247,9.47,9.30,17.18,11727.23,2.6,5.6,-174.7,1009.40,-0.050,0,0
37292,9.69,8.29,14.01,8876.15,-0.7,-0.2,-174.7,1009.42,0.020,0,0
37336,9.67,7.56,15.09,3516.01,-0.6,0.2,-174.7,1009.54,0.120,0,0
37379,9.68,7.56,12.82,1200.96,-0.4,-0.0,-174.7,1009.44,-0.100,0,0
37422,9.68,5.00,14.29,576.53,-0.3,-0.0,-174.8,1009.39,-0.050,0,0
37465,9.65,3.90,7.82,581.52,-0.5,-0.0,-174.8,1009.41,0.020,0,0
37508,9.67,1.74,45.70,185.18,-0.1,0.4,-174.7,1009.44,0.030,0,0
37552,9.79,0.99,179.26,171.43,-3.5,-0.6,-174.7,1009.35,-0.090,0,0
37596,9.95,0.94,128.56,171.43,-5.3,-0.9,-174.9,1009.51,0.160,0,0
37640,11.04,1.57,994.18,986.36,-4.5,-1.2,-174.9,1009.41,-0.100,0,0
37685,11.81,2.15,2713.79,2705.97,-2.9,-2.7,-174.9,1009.38,-0.030,0,0
37730,12.47,2.82,2432.03,2705.97,4.0,-8.0,-174.8,1009.39,0.010,0,0
37774,12.96,3.31,1943.28,2705.97,9.4,-14.2,-174.6,1009.31,-0.080,0,0
37819,12.18,3.31,1450.98,2705.97,14.2,-23.2,-173.9,1009.45,0.140,0,0
37865,12.05,3.31,982.79,2705.97,16.7,-32.1,-173.3,1009.36,-0.090,0,0
37910,11.45,3.29,1805.00,2668.09,16.7,-38.3,-173.1,1009.43,0.070,0,0
37956,11.02,3.17,1986.21,2585.23,15.7,-44.9,-172.8,1009.37,-0.060,0,0
38001,10.73,3.01,1490.81,2585.23,13.8,-49.9,-172.2,1009.40,0.030,0,0
38047,9.65,3.31,1366.71,1731.00,12.1,-56.3,-171.6,1009.43,0.030,0,0
38093,8.72,4.24,1401.68,1731.00,9.6,-64.6,-171.2,1009.36,-0.070,0,0
38138,8.04,4.93,1301.09,1449.25,8.0,-71.4,-170.6,1009.36,0.000,0,0
38182,7.46,5.50,777.16,1209.05,5.4,-78.6,-170.3,1009.38,0.020,0,0
38227,7.62,4.73,601.66,1384.55,4.6,-82.6,-169.7,1009.30,-0.080,0,0
38272,7.41,4.64,403.41,1582.80,4.5,-84.8,-169.7,1009.34,0.040,0,0
38317,7.38,4.07,321.02,1665.19,2.6,-87.4,-169.7,1009.33,-0.010,0,0
38362,7.10,3.92,131.25,1854.96,3.6,-85.8,-169.9,1009.40,0.070,0,0
38407,6.51,4.22,373.50,1359.56,1.4,-85.8,-169.5,1009.35,-0.050,0,0
38452,6.22,3.43,418.01,1270.43,-0.5,-87.1,-169.4,1009.41,0.060,0,0
38497,5.87,2.84,513.19,1270.43,0.2,-86.1,-169.2,1009.41,0.000,1,0
38542,5.24,2.80,856.03,1169.84,-1.0,-88.5,-169.2,1009.35,-0.060,1,0
38587,3.84,3.78,2696.60,2565.35,1.0,-88.6,-169.4,1009.29,-0.060,1,0
38632,2.48,5.14,3478.67,3347.42,8.9,-80.6,-169.9,1009.35,0.060,1,0
38677,1.16,6.25,3972.59,3841.34,27.6,-61.2,-171.1,1009.37,0.020,1,0
38723,3.05,6.21,5225.04,5093.79,58.4,-31.6,-172.7,1009.26,-0.110,2,0
38768,6.39,5.94,11249.60,11118.35,71.0,-17.9,-171.4,1009.45,0.190,2,0
38814,7.21,6.05,6455.45,10876.09,70.9,-15.9,-171.8,1009.35,-0.100,2,0
42528,7.48,6.32,3392.71,10831.59,64.4,-18.1,-173.6,1009.49,0.140,0,2
42573,4.67,6.32,67.57,11182.03,79.5,-10.5,-174.7,1009.40,-0.090,0,0
42618,3.22,6.32,19.98,11229.62,19.0,-10.3,-174.9,1009.45,0.050,0,0
42663,6.23,6.32,15.85,11233.75,0.9,-4.6,-174.8,1009.35,-0.100,0,0
42708,9.73,8.57,15.09,11234.51,-0.8,-0.3,-175.0,1009.43,0.080,0,0
42752,9.67,8.57,15.06,11234.54,-0.6,-0.2,-174.9,1009.38,-0.050,0,0
42796,9.64,6.68,108.56,11234.54,-0.9,-0.3,-174.9,1009.41,0.030,0,0
42841,9.95,6.73,202.49,11234.54,-0.7,-0.2,-174.7,1009.32,-0.090,0,0
42885,9.64,6.73,848.22,6440.39,0.1,0.8,-174.3,1009.52,0.200,0,0
42929,10.74,7.52,436.95,3377.65,-0.8,1.6,-174.4,1009.35,-0.170,0,0
42974,12.03,8.81,905.94,890.88,-1.3,2.6,-174.4,1009.40,0.050,0,0
43018,12.47,9.25,882.12,890.88,-1.7,3.0,-174.5,1009.33,-0.070,0,0
43063,13.11,6.88,457.93,890.88,-1.7,1.8,-174.7,1009.49,0.160,0,0
43107,12.08,3.47,295.76,890.88,0.3,0.0,-174.6,1009.42,-0.070,0,0
43151,11.05,3.47,417.85,890.88,2.9,-2.6,-174.7,1009.30,-0.120,0,0
43196,10.14,3.47,541.63,797.37,3.5,-4.4,-175.0,1009.39,0.090,0,0
43240,9.61,3.51,560.59,703.45,3.2,-5.7,-175.5,1009.37,-0.020,0,0
43284,9.18,3.93,567.97,610.18,1.2,-6.3,-175.6,1009.39,0.020,0,0
43329,8.07,5.04,494.62,610.18,-1.7,-6.7,-175.7,1009.41,0.020,0,0
43373,7.02,6.10,341.57,610.18,-2.6,-8.8,-175.7,1009.30,-0.110,0,0
43417,5.79,7.33,74.12,808.00,-6.6,-10.3,-175.7,1009.33,0.030,0,0
43461,4.32,8.79,137.84,493.86,-11.9,-12.3,-175.8,1009.25,-0.080,0,0
43506,3.18,8.91,465.47,493.86,-13.9,-16.5,-175.7,1009.34,0.090,0,0
43551,2.00,9.05,992.02,917.91,-19.7,-22.4,-175.2,1009.29,-0.050,0,0
43596,0.96,9.19,1262.29,1188.17,-20.4,-34.3,-174.8,1009.49,0.200,0,0
43642,0.45,9.15,1758.12,1684.00,7.5,-68.3,-174.6,1009.33,-0.160,0,0
43687,0.60,8.73,2371.16,2297.05,46.9,-43.0,-175.4,1009.25,-0.080,0,0
43732,0.87,7.62,9861.24,9787.12,37.5,4.5,-176.4,1009.50,0.250,0,0
43778,2.09,6.56,6962.84,9787.12,46.4,7.8,-177.3,1009.38,-0.120,0,0
43822,2.33,5.33,1355.20,9787.12,33.1,18.1,-178.0,1009.48,0.100,0,0
43867,2.63,3.87,2468.76,9723.40,18.4,22.1,-178.1,1009.39,-0.090,0,0
43913,3.72,3.27,6065.25,9395.77,12.3,21.9,-176.2,1009.38,-0.010,0,0
43958,2.31,3.27,6129.53,8869.21,-1.0,47.6,-174.0,1009.38,0.000,0,0
44002,2.92,3.27,2456.22,8598.94,39.5,23.5,-174.0,1009.45,0.070,0,0
44048,3.02,3.27,975.89,8885.34,38.1,23.9,-174.0,1009.39,-0.060,0,0
44093,0.91,3.12,3443.74,8885.34,68.3,-13.1,-174.7,1009.39,0.000,0,0
44138,1.80,2.85,441.60,9419.63,11.0,-25.8,-175.0,1009.24,-0.150,0,0
44183,4.42,3.52,329.45,6633.39,-11.6,-9.3,-175.0,1009.43,0.190,0,0
44227,7.00,6.09,21.73,6107.81,-6.8,-6.6,-174.9,1009.34,-0.090,0,0
44272,7.49,6.58,14.36,6115.18,0.9,-1.0,-174.9,1009.47,0.130,0,0
44316,8.97,8.06,16.28,6115.18,2.8,-0.4,-174.9,1009.44,-0.030,0,0
44359,9.47,8.56,15.06,6115.18,-0.4,-0.0,-175.0,1009.41,-0.030,0,0
44402,9.62,8.72,15.06,3429.38,-0.4,-0.0,-175.0,1009.41,0.000,0,0
44444,9.61,8.72,14.70,3429.38,-0.4,-0.0,-174.9,1009.49,0.080,0,0
44488,9.58,8.72,128.75,3429.38,-0.7,-0.2,-174.8,1009.41,-0.080,0,0
44532,9.66,7.85,174.74,427.25,-5.8,-3.0,-175.0,1009.31,-0.100,0,0
44576,10.20,5.78,408.38,394.02,2.5,1.2,-175.0,1009.36,0.050,0,0
44621,11.25,4.26,1312.24,1297.88,-0.1,-3.5,-174.4,1009.33,-0.030,0,0
44665,13.78,6.29,757.80,1297.88,-3.1,0.0,-174.0,1009.46,0.130,0,0
44710,15.97,7.00,710.28,1297.54,-0.0,3.9,-173.8,1009.40,-0.060,0,0
44755,16.69,7.22,832.35,1297.54,-4.0,2.3,-174.0,1009.34,-0.060,0,0
44799,15.88,7.11,1308.53,1297.54,-0.4,6.2,-174.2,1009.30,-0.040,0,0
44844,12.45,7.11,1204.40,1297.54,6.0,4.8,-174.4,1009.38,0.080,0,0
44889,8.49,8.19,991.18,1183.49,11.4,1.6,-174.7,1009.37,-0.010,0,0
44933,5.30,11.39,616.16,1137.49,14.7,-3.0,-174.5,1009.36,-0.010,0,0
44978,3.20,13.48,337.21,975.02,9.2,-11.6,-174.4,1009.34,-0.020,0,0
45023,2.62,14.07,161.98,1150.25,-8.2,-19.5,-174.3,1009.36,0.020,0,0
45068,2.99,14.07,134.46,1174.07,-15.6,-17.7,-174.2,1009.37,0.010,0,0
45114,3.06,14.07,267.37,1174.07,-13.0,-18.7,-174.2,1009.28,-0.090,0,0
45159,2.92,14.07,466.94,1174.07,-1.5,-22.1,-174.0,1009.39,0.110,0,0
45204,2.62,13.26,1163.73,1174.07,15.6,-26.7,-173.9,1009.38,-0.010,0,0
45250,3.22,9.83,1181.81,1069.94,17.6,-20.5,-173.7,1009.41,0.030,0,0
45295,4.37,5.87,1024.67,1047.35,5.9,-1.5,-173.7,1009.47,0.060,0,0
45339,8.58,5.96,1992.91,1858.45,1.8,4.7,-174.0,1009.48,0.010,0,0
45383,7.56,5.96,3475.19,3340.73,8.9,12.6,-174.3,1009.44,-0.040,0,0
45428,8.56,5.96,575.47,3340.73,14.6,12.1,-174.3,1009.36,-0.080,0,0
45473,9.15,6.52,305.89,3340.73,16.9,9.0,-174.4,1009.35,-0.010,0,0
45518,6.95,6.52,351.38,3207.82,23.3,8.8,-174.6,1009.39,0.040,0,0
45562,9.57,6.95,383.52,3169.30,10.7,3.1,-174.5,1009.44,0.050,0,0
45607,9.59,6.97,2128.83,3169.30,1.6,0.6,-174.8,1009.38,-0.060,0,0
45651,9.35,6.37,71.55,3403.65,-1.3,-2.0,-174.9,1009.38,0.000,0,0
45695,9.49,5.22,59.18,3416.01,-2.5,-1.7,-174.7,1009.40,0.020,0,0
45739,9.81,2.86,25.17,3450.03,-5.3,-2.1,-174.9,1009.41,0.010,0,0
45783,10.70,3.75,1320.40,3450.03,-3.8,0.9,-174.7,1009.45,0.040,0,0
45827,11.24,4.29,3569.91,3544.74,-1.5,7.3,-173.1,1009.36,-0.090,0,0
45872,13.14,6.19,4061.06,4035.89,-1.7,15.2,-170.5,1009.37,0.010,0,0
45917,14.41,7.46,3955.18,4035.89,-0.7,27.7,-168.3,1009.40,0.030,0,0
45962,14.39,5.06,2441.55,4035.89,1.9,38.8,-167.9,1009.33,-0.070,0,0
46008,13.34,5.06,1005.98,4035.89,3.1,45.6,-168.3,1009.36,0.030,0,0
46053,10.52,5.06,163.79,4035.89,4.4,55.2,-168.6,1009.42,0.060,0,0
46098,7.61,6.79,218.00,4035.89,6.3,60.9,-169.2,1009.29,-0.130,0,0
46143,5.89,8.52,710.87,4035.89,4.3,69.6,-168.8,1009.35,0.060,1,0
46188,5.72,8.68,657.00,3897.27,2.8,76.1,-168.8,1009.38,0.030,1,0
46233,6.35,8.68,469.49,3897.27,1.9,81.8,-168.5,1009.25,-0.130,1,0
46277,7.26,8.68,275.60,3897.27,-1.3,81.0,-168.4,1009.28,0.030,1,0
46322,8.38,8.68,71.98,3883.20,-3.0,80.6,-168.5,1009.44,0.160,1,0
46367,9.09,8.67,124.97,2369.57,-4.5,80.2,-168.4,1009.31,-0.130,0,1
46412,9.43,7.62,149.13,934.00,-4.8,79.3,-168.4,1009.34,0.030,0,0
46457,9.55,4.79,124.45,638.89,-4.6,79.6,-168.8,1009.32,-0.020,0,0
46502,9.36,3.82,35.15,675.72,-4.1,80.1,-168.8,1009.37,0.050,0,0
46547,9.26,3.82,176.76,675.72,-3.2,80.7,-168.7,1009.37,0.000,0,0
46591,9.22,3.82,198.72,621.86,-3.1,80.8,-168.7,1009.41,0.040,0,0
46636,9.32,3.20,62.71,434.34,-3.0,81.5,-168.7,1009.44,0.030,0,0
46681,9.42,2.28,86.49,240.45,-2.5,82.1,-168.6,1009.36,-0.080,0,0
46725,9.59,1.20,131.00,163.58,-2.6,82.1,-168.7,1009.26,-0.100,0,0
46770,9.77,0.68,66.79,163.58,-2.8,82.6,-168.7,1009.33,0.070,0,0
46815,9.75,0.55,68.56,163.58,-2.3,83.1,-168.4,1009.28,-0.050,0,0
46860,9.82,0.59,49.06,163.58,-2.3,82.9,-168.8,1009.31,0.030,0,0
46904,9.78,0.59,13.74,184.99,-2.0,83.2,-168.6,1009.40,0.090,0,0
46949,9.72,0.59,27.96,184.99,-1.7,83.5,-168.7,1009.33,-0.070,0,0
46993,9.74,0.59,21.27,184.99,-1.8,83.4,-168.8,1009.34,0.010,0,0
47038,9.73,0.49,16.07,117.26,-1.8,83.7,-168.7,1009.35,0.010,0,0
47082,9.72,0.40,54.90,117.26,-2.0,83.9,-168.5,1009.36,0.010,0,0
47127,9.74,0.23,65.27,117.26,-2.2,83.7,-168.8,1009.40,0.040,0,0
47171,9.75,0.10,34.07,54.83,-2.1,83.9,-168.7,1009.38,-0.020,0,0
47216,9.73,0.10,20.73,54.83,-1.8,84.2,-168.7,1009.36,-0.020,0,0
47260,9.74,0.10,37.98,51.53,-2.0,84.0,-168.6,1009.28,-0.080,0,0
47305,9.67,0.11,40.33,51.53,-1.9,84.2,-168.5,1009.37,0.090,0,0
47349,9.68,0.07,37.45,49.20,-2.1,84.0,-168.7,1009.29,-0.080,0,0
47394,9.82,0.14,35.37,49.20,-2.3,83.9,-168.6,1009.35,0.060,0,0
47438,10.00,0.32,71.61,55.54,-2.2,84.3,-168.5,1009.33,-0.020,0,0
47483,10.16,0.49,92.83,72.10,-2.3,84.5,-168.4,1009.39,0.060,0,0
47528,10.08,0.49,49.98,72.10,-2.3,84.8,-168.4,1009.41,0.020,0,0
47572,9.65,0.51,37.55,72.10,-2.5,85.1,-168.5,1009.33,-0.080,0,0
47617,8.76,1.40,89.02,72.10,-2.8,85.5,-168.6,1009.38,0.050,0,0
47661,7.90,2.26,496.61,461.24,-2.4,85.6,-168.8,1009.38,0.000,0,0
47705,7.29,2.87,1509.15,1473.78,-2.0,82.8,-169.5,1009.33,-0.050,0,0
47751,6.60,3.56,2095.93,2060.56,-2.5,79.1,-170.1,1009.40,0.070,1,0
47796,4.95,5.21,3445.59,3410.22,-1.6,76.4,-170.5,1009.40,0.000,1,0
47840,3.23,6.93,4348.28,4310.73,-2.6,74.6,-171.9,1009.38,-0.020,1,0
47885,1.39,8.77,5039.81,5002.26,-4.8,82.5,-173.7,1009.46,0.080,1,0
47930,0.49,9.58,4735.89,5002.26,16.1,-8.0,-174.6,1009.43,-0.030,2,0
47974,1.65,9.15,5972.13,5934.58,0.0,-10.6,-174.9,1009.37,-0.060,2,0
48018,2.31,8.26,6440.35,6351.32,19.1,-3.9,-175.8,1009.32,-0.050,2,0
52270,2.94,7.41,3232.48,5943.73,21.1,-28.9,-176.6,1009.40,0.080,0,2
52315,5.08,6.80,130.55,6309.80,9.8,-14.3,-175.3,1009.56,0.160,0,0
52359,5.37,6.10,20.28,6420.07,10.1,-11.6,-175.3,1009.39,-0.170,0,0
52404,7.26,6.77,15.25,6425.10,1.4,-9.9,-175.3,1009.40,0.010,0,0
52448,9.58,9.08,14.67,6425.68,-0.9,0.2,-175.3,1009.42,0.020,0,0
52492,9.65,9.16,15.48,6425.68,-0.5,-0.2,-175.1,1009.28,-0.140,0,0
52536,9.67,9.18,16.49,6425.68,-0.3,-0.0,-175.2,1009.39,0.110,0,0
52579,9.72,8.08,140.93,6425.68,-0.1,0.2,-175.4,1009.32,-0.070,0,0
52624,9.78,7.48,492.42,6425.68,1.5,5.1,-175.3,1009.52,0.200,0,0
52668,10.91,7.97,904.60,3217.81,3.4,2.5,-175.2,1009.42,-0.100,0,0
52713,12.35,7.26,1879.87,1865.21,4.5,0.6,-175.5,1009.34,-0.080,0,0
52757,13.44,8.07,3920.53,3905.86,7.7,-4.0,-176.0,1009.43,0.090,0,0
52802,13.28,6.18,2912.94,3905.86,7.8,-15.0,-175.7,1009.48,0.050,0,0
52847,11.68,3.87,2014.92,3905.86,8.5,-22.9,-174.5,1009.40,-0.080,0,0
52893,10.49,3.79,1058.28,3905.05,10.5,-33.5,-173.9,1009.33,-0.070,0,0
52938,10.00,3.77,1848.39,3904.03,9.8,-45.8,-173.0,1009.35,0.020,0,0
52984,10.09,3.72,2315.04,3779.59,12.6,-50.5,-171.7,1009.39,0.040,0,0
53029,10.05,3.66,2209.93,3428.11,14.2,-55.8,-170.4,1009.34,-0.050,0,0
53075,9.67,3.77,1962.51,3015.92,14.8,-64.9,-170.1,1009.31,-0.030,0,0
53121,8.11,5.33,865.90,3054.62,15.7,-70.8,-170.1,1009.35,0.040,0,0
53166,7.07,6.37,401.24,3519.28,13.0,-76.9,-170.0,1009.38,0.030,0,0
53211,6.62,6.65,197.66,2715.28,9.5,-79.7,-170.1,1009.29,-0.090,0,0
53257,6.33,5.36,195.89,2119.15,5.9,-83.0,-170.2,1009.35,0.060,0,0
53301,6.85,4.16,89.15,2225.89,2.3,-85.8,-170.3,1009.38,0.030,0,0
53346,7.02,3.76,305.20,2225.89,1.4,-86.6,-170.1,1009.30,-0.080,0,0
53391,7.01,3.76,512.99,2225.89,1.1,-87.1,-169.9,1009.34,0.040,0,0
53436,6.61,3.72,738.43,2120.78,1.8,-86.8,-169.9,1009.35,0.010,0,0
53481,5.08,4.59,1131.94,1873.36,2.3,-87.6,-169.7,1009.40,0.050,1,0
53526,3.43,4.69,2045.97,1956.82,3.3,-86.3,-170.2,1009.34,-0.060,1,0
53571,1.85,5.23,2764.81,2675.66,7.0,-83.0,-171.1,1009.33,-0.010,1,0
53617,0.58,6.44,2849.45,2760.30,26.2,-58.1,-173.4,1009.32,-0.010,1,0
53662,3.55,6.44,13532.06,13442.91,36.9,-52.3,-173.5,1009.36,0.040,1,0
53708,2.37,6.44,5518.58,13442.91,31.7,-42.0,-173.0,1009.36,0.000,2,0
53753,2.61,6.44,3974.82,13226.86,29.7,-34.3,-174.6,1009.27,-0.090,2,0
53798,4.53,6.43,6360.68,13019.08,23.3,-2.2,-175.2,1009.39,0.120,2,0
62780,5.16,6.03,2465.78,12793.63,9.5,31.5,-175.5,1009.33,-0.060,0,2
62825,5.61,5.04,46.15,13485.91,17.8,15.3,-175.4,1009.39,0.060,0,0
62870,7.57,6.99,27.92,13504.14,12.1,10.7,-175.5,1009.30,-0.090,0,0
62914,7.46,6.99,11.82,13520.24,7.2,1.4,-175.5,1009.41,0.110,0,0
62958,9.64,9.07,13.48,13520.24,-0.1,-0.0,-175.5,1009.35,-0.060,0,0
63001,9.68,7.31,17.61,13520.24,-0.2,-0.1,-175.6,1009.42,0.070,0,0
63045,9.68,7.31,11.19,6349.49,-0.2,-0.0,-175.5,1009.45,0.030,0,0
63088,9.68,7.07,13.94,6349.49,-0.2,-0.0,-175.6,1009.32,-0.130,0,0
63132,9.68,5.15,15.48,6349.49,-0.2,-0.1,-175.4,1009.35,0.030,0,0
63175,9.68,4.53,15.12,2454.59,-0.3,-0.0,-175.4,1009.47,0.120,0,0
63219,9.68,4.07,14.29,34.96,-0.2,-0.1,-175.4,1009.38,-0.090,0,0
63262,9.68,2.22,15.06,16.74,-0.3,-0.0,-175.6,1009.39,0.010,0,0
63305,9.68,2.22,16.25,6.42,-0.3,-0.1,-175.6,1009.41,0.020,0,0
63349,9.68,0.04,16.66,6.42,-0.2,-0.1,-175.4,1009.44,0.030,0,0
63392,9.68,0.00,15.45,6.42,-0.2,-0.1,-175.6,1009.42,-0.020,0,0
63435,9.68,0.00,15.06,5.47,-0.2,-0.0,-175.6,1009.38,-0.040,0,0
63478,9.68,0.00,15.48,2.72,-0.2,-0.0,-175.7,1009.33,-0.050,0,0
63520,9.68,0.00,14.70,2.37,-0.2,-0.0,-175.5,1009.42,0.090,0,0
63562,9.68,0.00,14.67,2.37,-0.3,-0.0,-175.5,1009.38,-0.040,0,0
63606,9.67,0.01,15.06,2.37,-0.3,-0.1,-175.6,1009.48,0.100,0,0
63649,9.67,0.01,15.48,2.00,-0.3,-0.1,-175.4,1009.36,-0.120,0,0
63692,9.67,0.01,15.85,2.00,-0.3,-0.1,-175.5,1009.40,0.040,0,0